"914";"7544";"ketta"
"939";"7566";"dobisova"
"944";"7553";"andr"
"956";"7579";"romocusky"
"957";"7540";"bozdechova"
"964";"7557";"stockova"
"976";"7548";"boleckova"
"982";"7569";"melisova"
"988";"7556";"kloudova"
"999";"7563";"papouskova"
"1016";"7539";"kabata"
"1031";"7536";"hauptmanova"
"1032";"7547";"jarosova"
"1046";"7560";"urbankova"
"1047";"7577";"stanek"
"1048";"7575";"vyplelova"
"1051";"7571";"holubova"
"1091";"7583";"skodacek"
"1097";"7502";"neuberg"
"1101";"7542";"cadkovae"
"1114";"7564";"trkal"
"1117";"7538";"hrdlicova"
"1130";"7582";"charvatovav"
"1134";"7570";"krejcovam"
"1135";"7537";"hanzalova"
"1137";"7549";"ourednickova"
"1140";"7580";"veselyt"
"1143";"7552";"tomasek"
"1147";"7558";"nemcoval"
"1151";"7581";"dvorakovav"
"1156";"7578";"dlouha"
"1164";"7559";"rozenska"
"1173";"4656";"pinc"
"1174";"7490";"teimouri"
"1176";"7567";"vrbova"
"1178";"7576";"vavrar"
"1185";"7562";"matuskova"
"1186";"7541";"rygerova"
"1195";"7546";"ripl"
"1196";"7561";"tomcova"
"1204";"7550";"heverlova"
"1210";"7551";"hojgrova"
"1222";"7574";"levova"
"1297";"7555";"jezekj"
"1316";"7565";"matejovic"
"1379";"7545";"hlava"
"1382";"7584";"cadkova"
"1385";"7543";"hurtikova"
"1405";"7554";"ondracekj"
"1411";"7573";"tumovap"
"1423";"7568";"vikova"
"1425";"7572";"thumova"
