"10";"5603";"fiala"
"15";"5604";"necasovad"
"23";"5605";"sothearith"
"24";"5606";"zdarek"
"51";"5607";"kadlecl"
"52";"5608";"konecny"
"53";"5609";"vaclavikovaa"
"58";"5610";"pechova"
"59";"5611";"horejsit"
"63";"5612";"klecka"
"68";"5613";"lidinsky"
"69";"5614";"plasil"
"90";"5615";"aulova"
"101";"5616";"tomasovab"
"103";"5617";"voborska"
"105";"5618";"pribrsky"
"108";"5619";"wagnerova"
"117";"5620";"charvat"
"118";"5621";"suma"
"123";"5622";"malenova"
"126";"5623";"tahal"
"127";"5624";"vanekpavel"
"129";"5625";"miffek"
"130";"5626";"sibova"
"132";"5627";"gregorovam"
"138";"5628";"rysava"
"139";"5629";"horejsil"
"144";"5630";"kazdova"
"157";"5631";"hladikova"
"161";"5632";"pitterling"
"165";"5633";"weysser"
"176";"5634";"vycital"
"177";"5635";"slaba"
"179";"5636";"bendapetr"
"181";"226";"cermakovah"
"183";"5637";"brozekj"
"185";"5638";"janeckam"
"186";"5639";"koncitik"
"190";"5640";"miklusova"
"192";"5641";"diblikova"
"204";"5642";"landovaj"
"207";"5643";"mrazek"
"209";"2353";"hrebejkova"
"211";"5644";"bacovsky"
