"3";"7348";"VYU≈ΩIT√ç BIOMASY";"DLZX19Y";"98";"178"
"3";"7353";"Lesn√≠ tƒõ≈æba a dopravnictv√≠";"DLTX50Y";"98";"178"
"3";"7362";"ANATOMIE D≈òEVA";"DLZX01Y";"98";"178"
"3";"7385";"NAUKA O D≈òEVƒö";"DLZX11Y";"98";"178"
"3";"7387";"LESN√ç P≈òIDRU≈ΩEN√Å V√ùROBA";"DLZX09Y";"98";"178"
"3";"7391";"ZP≈ò√çSTUPNƒöN√ç LESA";"DLTX67Y";"98";"178"
"3";"7393";"CHEMIE D≈òEVA";"DLZX06Y";"98";"178"
"3";"7395";"OCHRANA D≈òEVA";"DLZX12Y";"98";"178"
"3";"10884";"PILA≈òSK√Å TECHNOLOGIE";"DLZX13Y";"98";"2280"
"3";"10886";"D≈òEVA≈òSK√â STROJE";"DLZX02Y";"98";"178"
"3";"10889";"D≈òEVƒöN√â KONSTRUKCE";"DLZX03Y";"98";"178"
"3";"10909";"HYGIENA A BEZPEƒåNOST PR√ÅCE";"DLZX04Y";"98";"178"
"3";"10910";" HYGIENA AERGONOMIE PR√ÅCE";"DLZX05Y";"98";"178"
"3";"10911";"PO≈Ω√ÅRN√ç BEZPEƒåNOST";"DLZX14Y";"98";"178"
"3";"10914";"≈ò√çZEN√ç JAKOSTI";"DLZX15Y";"98";"178"
"3";"10917";"N√ÅBYTK√Å≈òSK√â STROJE";"DLZX10Y";"98";"2280"
"3";"10919";"LEPIDLA A N√ÅTƒöROV√â HMOTY";"DLZX08Y";"98";"178"
"3";"10920";"TECHNICK√â MATERI√ÅLY NA B√ÅZI D≈òEVA";"DLZX17Y";"98";"2280"
"3";"10921";"≈ò√çZEN√ç D≈òEVA≈òSK√ùCH PODNIK≈Æ";"DLZX20Y";"98";"2280"
"3";"10922";"SPECI√ÅLN√ç ZPRACOV√ÅN√ç D≈òEVA";"DLZX16Y";"98";"2294"
"3";"10923";"V√ùROBA N√ÅBYTKU";"DLZX18Y";"98";"2294"
"3";"10924";"ZPRACOV√ÅN√ç D≈òEVA";"DLZX21Y";"98";"2294"
