"29";"5691";"syrovatka"
"60";"5692";"kalvoda"
"124";"5693";"holek"
"243";"2468";"smejtkova"
"245";"5694";"matasovska"
"258";"5695";"livora"
"272";"5696";"trinkl"
"274";"5697";"srb"
"276";"5698";"kolarmilan"
"280";"5699";"prexl"
"283";"5700";"havlu"
"284";"5701";"dajbych"
"290";"5702";"jirkovska"
"295";"5703";"bouskam"
"301";"5704";"honig"
"302";"5705";"kail"
"322";"5706";"bednarv"
"327";"5707";"manaskova"
"334";"5708";"vejchar"
"337";"5709";"kovarovap"
"338";"5710";"matous"
"342";"5711";"pavelkova"
"347";"5712";"kasik"
"351";"2389";"kunzel"
"355";"5713";"pavlicekt"
"384";"5714";"zezulkova"
